train_mean_absolute_error,test_mean_absolute_error,train_mean_squared_error,test_mean_squared_error,train_root_mean_squared_error,test_root_mean_squared_error,train_r_squared,test_r_squared,train_adjusted_r_squared,test_adjusted_r_squared,train_mean_log_loss,test_mean_log_loss,train_mean_roc_auc_score,test_mean_roc_auc_score
0.0982712186662629,0.2022162180498825,0.037606371230136236,0.1018595461460291,0.19392362215608555,0.3191544236667089,0.9624042286230696,0.8975675725909978,14.189849791406406,4.990596651142376,17.296047982108814,17.5461412134402,1.0,0.9787783463215045
0.10330330071018287,0.1989205332842842,0.04039906493659187,0.0935250552061471,0.2009951863517927,0.30581866392708457,0.9595956455562574,0.9051849727788794,15.175194350679686,4.693835435489489,17.29861142294088,16.82197082161315,1.0,0.9785152277726672
0.10020843400832649,0.19669723151491453,0.03937870219388405,0.0883263951374594,0.19844067676231114,0.29719756919843643,0.9606271687693029,0.917499030361596,14.81330162343624,4.214100275496158,17.291433788611098,17.495403160509646,1.0,0.9829110303269828
0.09996421681144639,0.2057231215686752,0.039060702583343446,0.0952515663314158,0.19763780656378335,0.30862852481813113,0.9609322579648192,0.907602660932635,14.70626616400927,4.599646334499429,17.298098734774467,17.62455456796925,1.0,0.9799752591133415
0.0995655494044674,0.1966654792501357,0.03933852081765515,0.09142558868028018,0.1983394081307473,0.3023666461107775,0.9606701580375081,0.90509246445563,14.798219555174239,4.69743940558275,17.296560670275227,17.17252464186064,1.0,0.9805394036084295
0.10007591943502078,0.19623178316162396,0.038116629305356364,0.090741264315381,0.1952348055684651,0.3012329070924706,0.9618851672480702,0.9140899921488286,14.371953823802052,4.34691072253522,17.307839809936315,17.255550546656096,1.0,0.9801945056307395
0.10189391049741682,0.18717654784970084,0.038503832629670054,0.0857843482293585,0.19622393490517423,0.29288965196701383,0.9614905878108279,0.9057585914702534,14.51038544303456,4.671488207304712,17.29809873477447,17.071048535999523,1.0,0.979835800593829
0.10046821422389172,0.19496631657652408,0.039385854398961494,0.08635119635422382,0.19845869695974902,0.2938557407202109,0.9606133585012939,0.907144941826606,14.819787835858495,4.613609347247917,17.293481680157797,17.74498899540665,0.9999999897546166,0.9809449557235692
