train_mean_absolute_error,test_mean_absolute_error,train_mean_squared_error,test_mean_squared_error,train_root_mean_squared_error,test_root_mean_squared_error,train_r_squared,test_r_squared,train_adjusted_r_squared,test_adjusted_r_squared,train_mean_log_loss,test_mean_log_loss,train_mean_roc_auc_score,test_mean_roc_auc_score
0.10515102058265469,0.12160069288549062,0.03850003749096471,0.049932065875316366,0.19621426423928692,0.22345484079633712,0.96150186992127,0.9500199871393034,274.0890869384769,40.39235500117934,17.207242416048487,17.12578505513617,0.9999917766688868,0.9867958665723491
